LINE,STATION,IN_MON,IN_TUE_TO_THU,IN_FRI,IN_SAT,IN_SUN,OUT_MON,OUT_TUE_TO_THU,OUT_FRI,OUT_SAT,OUT_SUN,ANNUALISED_INANDOUT
LU,Acton Town,7304.888889,8194,7973.444444,7211,4661.5,7443.888889,8169.555556,7995.777778,8128.8,4991,4931971.567
LU,Aldgate,10032.66667,12378.44444,9332.375,6280,5242.142857,11065,14274.3,11336.33333,7702.6,5723.857143,6902494.473
LU,Aldgate East,15100.5,17401.77778,17181.25,15537.25,12077,14179.5,16538.22222,16344.25,14430.75,10699,10229487.64
LU,Alperton,3692.75,3734.4,3746.375,3024,2214.333333,3950.125,3923.5,3948.875,3066.25,2320.166667,2302972.999
LU,Amersham,2614.237336,3129.301803,2479.048755,2194.104952,1203.456752,2518.905521,3043.253752,2509.395689,2022.495048,1153.793248,1657141.466
LU,Angel,16133.71429,20183.66667,19295.71429,18601.2,11518,17209.875,22019,21532.71429,20241,11747.5,12371591.51
LU,Archway,10424,11968.66667,11663.375,9796,6450,10089.71429,11434.11111,10709.625,8938.8,6191.25,6798862.343
LU,Arnos Grove,5066.25,5623.1,5517.444444,5201,3382.285714,4740.375,5336.666667,5212.444444,4893.8,3221.333333,3299601.276
LU,Arsenal,2968.35,3582.8,3673.950581,3694.217258,2352.694012,2815.15,3260.888889,3216.674419,3421.982742,2281.139322,2115609.222
LU,Baker Street,31728.88889,34826.2,33308.75,28326.4,18449.66667,32204.11111,35310.9,34363,28350.6,18869.66667,20518901.17
LU,Balham LU,12664.66667,16108.6,14844.5,14056.2,8065.285714,12851.88889,15988.1,14294,14160,8617.571429,9216499.803
LU,Bank and Monument,50401.44677,72843.57644,46483.00613,26454.6,15338.10846,52864.2199,76118.12356,49391.43832,27688.8,15640.29154,34408043.98
LU,Barbican,8205.625,9898.7,8261,5289.6,3543,8824.125,10611.5,8767.444444,5767.8,3746.5,5361855.175
LU,Barking,23927.90183,24797.15047,24638.38527,19466.86533,13524.08665,23883.09817,24721.44953,24284.17028,17912.73467,13118.78835,14556327.12
LU,Barkingside,1782.625,2009.9,1756.428571,1290.2,822.25,1836.75,2065.333333,1819.142857,1322.2,859.75,1116038.701
LU,Barons Court,7986.142857,9355.5,8259.111111,6369.6,4247.857143,7953.222222,9101,7986,6138.8,4286.571429,5110605.087
LU,Bayswater,5120.111111,5284.111111,5719.888889,5602.8,4577,4670.444444,4939.444444,5484.222222,5193.4,3888.333333,3337844.114
LU,Becontree,4509.111111,4848.2,4800,3295.5,2195.5,4359.555556,4571.2,4473.833333,2820.5,2116.75,2674391.034
LU,Belsize Park,7065.955692,8201.460596,7483.430538,5838.218718,4253.033498,7032.794308,8068.239404,7281.319462,5636.181282,4193.537931,4592788.929
LU,Bermondsey,9769.888889,11160,11045.77778,10760.2,6734.428571,9515.444444,10817.6,10620.88889,10856.8,6726.428571,6680814.223
LU,Bethnal Green LU,14395.44444,16611.88889,17346.5,18081.2,11706,13644.22222,15576.11111,16629.375,17381,10951.625,10197950.93
LU,Blackfriars LU,13916.72759,17935.91579,12905.35095,12142.30693,8706.696987,13358.82796,17328.48421,12385.274,11298.09307,9388.615418,9407135.698
LU,Blackhorse Road,13036.62759,14673.18192,14418.69451,12988.77772,8501.926866,12386.70575,13845.89108,13299.40061,12032.22228,8508.871613,8505240.448
LU,Bond Street,51918.25,62430.7,53546.66667,42225.25,39965.25,52459.75,62659.5,54833,43215.5,39082.75,35413724.21
LU,Borough,5181.888889,6707.7,5876.5,5230.5,3289.428571,5168.888889,6710,5839.5,5240.5,3455.142857,3742967.136
LU,Boston Manor,2243.5,2743.8,2361,1872.8,1256.4,2310.666667,2668.555556,2359.5,1794.2,1304.6,1493683.382
LU,Bounds Green,6312.25,7118.2,6906.666667,6199,4124.625,6253.875,6739.9,6679.333333,5882.4,4188.857143,4147020.73
LU,Bow Road,5887.777778,6579.4,6297.625,5522.75,3827.2,5834.5,6407.1,5723.875,5206.5,4045.2,3826239.441
LU,Brent Cross,2835.666667,3284.1,3171.75,3304.6,2622.625,2830,3181.3,3194,3322,2621,2037612.16
LU,Brixton LU,28532.31548,33779.3522,35073.09924,38727.44354,24318.5,28247.68452,32959.75891,35426.61505,38488.55646,23903.5,21315287.9
LU,Bromley-by-Bow,5528.875,6005.1,5702,4348.25,3199.666667,5543.25,5894.1,5425,4069,3277.666667,3425585.417
LU,Buckhurst Hill,2585.863315,3074.17275,2762.508376,2303.158227,1298.870256,2502.136685,2988.856489,2637.824957,2124.641773,1324.734436,1681411.52
LU,Burnt Oak,5089,5488.4,5251.555556,3956.8,2900.625,4884.777778,5264.4,5124,3833.4,2804.25,3110822.177
LU,Caledonian Road,6241.666667,7300.333333,7182.625,6376.2,4081.571429,5936.111111,6901.333333,6653.875,5809.6,3928.285714,4179663.105
LU,Camden Town,21279.8,22501.375,28837.66667,35397.4,25120,21867.6,23306.25,29582.875,42173.8,26680.25,17335262.1
LU,Canada Water,13528.69329,15064.58226,18211.50104,21704.52754,11726.89711,13882.1956,15341.08441,19642.08303,22614.07246,11992.60289,10565972.68
LU,Canary Wharf LU,45557.28628,54390.93719,44681.45293,39909.98938,26904.35566,46752.99271,57109.16281,46052.74747,40757.21062,26910.76934,30684632.43
LU,Canning Town,17715.875,17622.91667,16817.2,18726.83333,17202.14286,17622.25,17660.66667,18304.18182,17817.57143,16323,11594723.11
LU,Cannon Street LU,6152.5,8308.222222,5568.111111,3611.4,1923.5,5753.571429,7570.333333,5043.777778,3141.2,1683.833333,3788997.401
LU,Canons Park,3250.875,3615.3,3459.714286,2783.6,1671,3165,3544.8,3435.142857,2731.2,1701.857143,2055534.987
LU,Chalfont & Latimer,2454.931305,2454.931305,2033.486258,1523.657343,792.1815511,2257.783241,2257.783241,1915.203611,1664.45449,910.9394928,1303138.211
LU,Chalk Farm,5277.111111,6502.375,7221.25,8316.2,5272.875,4550.222222,5983.2,6165.75,6519.8,4271.125,4002533.706
LU,Chancery Lane,12994.77778,18014.83333,12641.55556,5793.6,2680.571429,14016.75,18968.2,13477.11111,5946.4,2761.714286,8530235.818
LU,Charing Cross LU,18036,22890.5,22130.66667,24861.25,15843.25,17048.22222,21736.7,21370.14286,23400.6,13668.625,13658816.64
LU,Chesham,1394.166667,1648.6,1422.888889,1167,635.5,1300.375,1544.2,1357.25,1031,599,869938.1371
LU,Chigwell,545.7777778,692.5,542.4285714,275.6666667,166.4285714,460.1111111,559.7777778,469.5714286,254.6,172.25,312653.4044
LU,Chiswick Park,2691,3347.2,2933.125,2276.2,1531.333333,3019.875,3653.4,3121.875,2140,1688.166667,1901397.507
LU,Chorleywood,2796.32125,2796.32125,2268.957237,1694.770256,1180.156846,2030.931249,2030.931249,1732.410176,1266.666973,1026.576551,1340210.817
LU,Clapham Common,9605.888889,12081.9,11900.42857,13336.6,7503.142857,10485.11111,13130.3,12647.85714,14556.8,8091.857143,7706806.784
LU,Clapham North,6615.222222,8339.5,8670.142857,9458,4963.857143,6844.111111,8604.1,8551.714286,9658.8,5226.285714,5215179.265
LU,Clapham South,8622.333333,10907.4,9691.444444,9110.8,5518.75,8704.777778,10646.6,9232.555556,8873.2,5898.166667,6132625.493
LU,Cockfosters,1939.5,2157.777778,2328,2610.833333,1592.857143,1977.125,2168.888889,2292.142857,2496.6,1763.571429,1410899.329
LU,Colindale,9378.777778,10352.1,9832.625,8264,5790.625,9151.333333,10015.1,9365.428571,7843.2,5654.625,5947592.94
LU,Colliers Wood,7419.444444,8532.4,8321.777778,7725,4929,7227.888889,8191.6,7874.777778,7369.4,4913.142857,4986159.932
LU,Covent Garden,14058.28571,17490,18767.375,21701.2,16685.83333,16178.71429,21156.2,21913.83333,30522.6,20196.57143,12986919.66
LU,Croxley,1298.75,1569.6,1372,873.2,473.6666667,1310.5,1541.5,1313.875,793.2,459.6,810760.2531
LU,Dagenham East,4104.75,4250.7,4174.125,2808.75,2008.333333,3760,3921.3,3832.375,2425.75,1848.8,2328494.226
LU,Dagenham Heathway,7553.625,7677.5,7821.666667,5348.75,3430.6,7582.111111,7791.3,7675.111111,5267.666667,3550.4,4453620.099
LU,Debden,2993.888889,3340,3039.5,2014.8,1079.875,2952.875,3238.8,2866.625,1799,1114.142857,1769333.503
LU,Dollis Hill,4783.666667,5272.9,5053.666667,4088.6,2895.5,4350.666667,4783.3,4496.333333,3661,2660.875,2925220.81
LU,Ealing Broadway,19852.50009,22719.26123,20637.98831,18737.85095,12563.52283,20358.025,23676.1211,21328.48812,19539.38508,13111.81683,13427061.64
LU,Ealing Common,3113.222222,3362.5,3431.857143,2761.333333,2011.142857,3205.333333,3411.5,3401.625,2566,2067.857143,2017965.84
LU,Earl's Court,22213.66667,24199.1,25134.11111,22768.2,17129.5,22256,24674.5,25932.66667,23926,16497.375,15175946.88
LU,East Acton,4150.666667,4699.6,4409.571429,3391.2,2372.125,4366.666667,4850.75,4490.285714,3364.6,2420.125,2711443.563
LU,East Finchley,7474.5,8993.3,7899.375,6541.75,4365,7369.25,8757.7,7655,6267.8,4410.166667,4952436.943
LU,East Ham,16312.25,16822.9,16891.125,13069.8,9995,15987.75,16351.5,16261.42857,12468.25,9647,9890008.469
LU,East Putney,7014,8997.5,7968.888889,6931.2,4884.625,7168.571429,8846.9,7583.333333,6562.8,5040.5,5020734.565
LU,Eastcote,3205.625,3630.8,3313.666667,2498.4,1459.75,3130.222222,3574,3241.888889,2366.6,1502.75,1992220.609
LU,Edgware,6271.814978,6650.001985,6296.486488,5287.132316,3695.013114,6349.385022,6750.698015,6368.138512,5318.617684,3757.486886,3931713.349
LU,Edgware Road (Bak),4999.111111,5921.777778,5587.222222,4915.8,3297.285714,5249.888889,6253.2,5729.555556,5022.2,3350.142857,3514286.265
LU,Edgware Road (DIS),7673.888889,8979.333333,8241.888889,6731,4928,7440.111111,8828.555556,8089.555556,6704.4,4577.857143,5073595.099
LU,Elephant & Castle LU,19833,22395.6,22932,21214.6,13462,19422.77778,21216.3,22034.75,19917,12926.14286,13298221.96
LU,Elm Park,3712.625,4116.8,3836.375,2443.5,1528.6,3592.888889,4126.6,3755.166667,2283.6,1461.6,2228051.986
LU,Embankment,20221.09664,25859.4271,23300.85714,26841.75,16938.42708,19209.7605,24674.5729,22615.42857,25232.25,15590.07292,15132337.14
LU,Epping,4930.797783,4930.797783,4830.71443,4600.13895,2648.730652,5138.27948,5138.27948,5086.736258,4181.464519,2590.829455,3021977.622
LU,Euston LU,37886.86284,45388.76949,43989.6233,38631.27074,28812.97317,39280.63716,47778.03051,48239.0017,41203.92926,30783.4554,27686936.66
LU,Euston Square,16846.17171,18918.36405,16304.45783,9625.278093,7273.136654,17519.60607,19724.88595,18253.39758,9944.121907,7725.696679,10326060.99
LU,Fairlop,1381.111111,1546.3,1463.375,1242.25,712.625,1312,1462.111111,1363.333333,1245,726.875,869289.7499
LU,Farringdon,47269.47028,64701.53781,48934.65723,17817.27833,15157.3536,46403.02972,63322.26219,48285.84277,17021.32167,13974.3964,30068501.47
LU,Finchley Central,10672.78449,10672.78449,9802.871208,7672.749528,4381.19343,10334.74988,10334.74988,9625.274607,7256.856101,4816.220637,6004210.712
LU,Finchley Road,10715.375,11596.1,11337.375,9074.4,6827.125,10279.625,11073.4,10610.625,8678.8,6506.875,6684392.827
LU,Finsbury Park,33654.58129,40206.28528,39008.74064,43653.43806,26386.98652,30088.16431,35790.90825,34442.58773,37618.72718,24445.06551,23402642.04
LU,Fulham Broadway,9814.222222,11212.875,11101.55556,9253.75,6065.857143,9857.777778,11265.75,10555.125,8833,5631.571429,6520153.765
LU,Gants Hill,7810.888889,8518.888889,8102.875,6083.857143,4203.333333,7472.555556,8045.75,7721.125,5686.142857,4122.5,4748258.628
LU,Gloucester Road,16253.44444,17610.8,18071.77778,14859.4,11260.85714,15614.22222,17306,17545.11111,14409.6,10057.71429,10486109.08
LU,Golders Green,8783,10033.3,9476.222222,7454,5619.714286,8785,10005.6,9584,7307.6,5804.857143,5785181.93
LU,Goldhawk Road,2492.888889,2918,2933.75,2409.6,1444.875,2475,2857,2725.375,2227.6,1612.125,1677523.777
LU,Goodge Street,7691.875,9607.333333,7799,5214.2,3039.125,8450.875,10410.55556,8655.428571,5451,3123,5152082.467
LU,Grange Hill,666.3333333,749.1,667.5714286,401.1666667,215,603.5555556,649,550.4444444,319.2,201.1428571,367951.535
LU,Great Portland Street,8261.333333,10248.55556,8005.125,4845.25,3298.428571,8218.555556,10233.2,7970.25,4571.75,3033.714286,5160153.469
LU,Green Park,37230.57143,46155.57143,41518.625,36303.5,24342,43169.85714,52791.71429,50335.71429,44152.4,29906.57143,28415098.97
LU,Greenford,5240,5821.555556,5477,4344.4,2660.428571,5319.444444,5772.125,5298.666667,4157.2,2683.428571,3292418.781
LU,Gunnersbury,6071.756546,7932.994471,5347.306135,4438.576685,2776.954454,5847.618454,7461.905529,5055.860532,3966.423315,2610.188403,3873038.937
LU,Hainault,4625.666667,5024.3,4841.777778,3348.833333,2208.333333,4522.666667,4875.777778,4665.333333,3387.4,2111.333333,2795930.436
LU,Hammersmith (DIS),29880.25,34936.6,32381.77778,28308,18606.57143,29453.25,34657.9,32107.33333,28256.2,18380.71429,20055131.34
LU,Hammersmith (H&C),12209.5,14585.11111,13207.55556,10985.2,6896.857143,11956.875,14194.77778,12574.77778,10318.8,6406.142857,8042398.437
LU,Hampstead,4793.573787,5470.000483,5274.440978,5299.787326,4153.788559,5489.56907,6189.199517,5942.559022,6000.812674,4705.640012,3606601.367
LU,Hanger Lane,3836.666667,4549.8,4133,3984.75,2360,3797.888889,4411.222222,4002.222222,3613.25,2312.4,2584707.838
LU,Harlesden,3888.555556,4284.8,4067.222222,2572.6,1661.2,3896.888889,4177.5,3923.888889,2471.8,1676.333333,2331624.002
LU,Harrow & Wealdstone,5480.050685,5839.514403,5725.319136,4015.129086,2610.263148,5201.949315,5532.585597,5343.530056,3629.595791,2493.960783,3229098.501
LU,Harrow-on-the-Hill,12365.6901,13543.02821,13048.29232,11146.45113,7481.349406,13241.19878,14548.27179,13752.26324,11360.74887,7919.222023,8216227.224
LU,Hatton Cross,3948.444444,4238.8,4293.222222,3817.5,3149.714286,4032.222222,4172.6,4259.777778,3888.333333,3204.571429,2627285.291
LU,Heathrow Terminal 4 LU,2054.875,1831.444444,2219.5,2291.833333,2150.142857,1720.25,1553.285714,1922.125,2036.5,1646,1232765.826
LU,Heathrow Terminal 5 LU,6452.375,5803.777778,6694.428571,5758.6,6742.666667,4933.428571,4625,5229.714286,4679.2,5445,3634083.443
LU,Heathrow Terminals 123 LU,9551.338195,8723.223625,11035.4302,9937.361968,10124.00898,8496.651583,6689.336013,8948.750775,8301.038032,9206.848166,5733792.633
LU,Hendon Central,7971.333333,8977.8,8541.428571,6228.6,4551.125,7544.333333,8428.1,7983.333333,5717.6,4244.5,4941335.963
LU,High Barnet,4953.497702,5720.302142,5253.383131,4122.208911,2531.453446,4898.946743,5607.997858,5050.616869,4041.791089,2581.746554,3172741.196
LU,High Street Kensington,12602.33333,14351.4,13900.11111,13319.8,9442.857143,12233.22222,14153.9,13277.55556,12526,8545.857143,8535038.627
LU,Highbury & Islington,18754.91701,22237.69443,22488.93991,21230.09702,12738.40099,19703.41633,23348.70557,23470.83714,23291.40298,13857.74187,13755506.7
LU,Highgate,6172.285714,7296.1,6890.75,5935,3920.571429,6315.428571,7413.3,6670.888889,5933.4,4189.142857,4242758.466
LU,Hillingdon,2132.232521,2400.55816,2313.506426,1870.579434,1075.518701,2000.005424,2246.036049,2073.706942,1700.104679,1100.624156,1327387.474
LU,Holborn,29881,37789.75,32449.16667,24275,16187,32333.5,40131.33333,35418.33333,26615,16673.85714,21064035.42
LU,Holland Park,4185.625,4549.6,4417.444444,3793.2,2331.25,4090.857143,4445.6,4356.444444,3873.4,2353.875,2653625.462
LU,Holloway Road,8408.555556,9168.444444,8816.857143,6843,4571.428571,8397,9015.777778,8483.714286,6483.25,4674,5234546.435
LU,Hornchurch,2386.875,2684.222222,2367.333333,1661,897.25,2428.375,2715.5,2436.111111,1774,1000.4,1465954.37
LU,Hounslow Central,4440.111111,4845.375,4559.25,4041.8,2978.714286,4497.666667,4829.285714,4586.875,4013.6,2955.571429,2875273.872
LU,Hounslow East,4747.571429,5144.3,5104.222222,4481.2,3417.571429,5119.5,5469.555556,5399.555556,4598,3629.857143,3216060.26
LU,Hounslow West,4303.142857,4535.222222,4740.888889,4545.8,3415.857143,4389.714286,4459.555556,4802.888889,4626.4,3458.428571,2883268.643
LU,Hyde Park Corner,5415.833333,8531.125,6101.714286,6459.5,4651.4,5518,9645.375,6418,6891.75,4811.4,4743548.035
LU,Ickenham,1298.333333,1450.111111,1366.125,1050.8,600.6,1319.666667,1485.555556,1351.375,1009,662,821904.5393
LU,Kennington,6043.666667,7315.7,7270.75,7190,4709.857143,5864.555556,7076.7,7132.25,7468,4789.285714,4406994.316
LU,Kensal Green,2716.5,3203.625,3041.555556,2610.75,1658.285714,2607.714286,3072.714286,2799.555556,2451.25,1726.833333,1809069.182
LU,Kensington (Olympia),0,0,0,0,0,0,0,0,0,0,0
LU,Kentish Town,10620.54232,10620.54232,10585.76977,9669.612737,6417.053455,9982.914792,9982.914792,9965.887758,8431.832178,6492.709719,6304991.899
LU,Kenton,2584.833333,2625.4,2501.375,1786.2,1160.142857,2610.714286,2693.9,2576.777778,1852.2,1198.5,1516691.661
LU,Kew Gardens,4353.888889,7298.5,5124.857143,6534.25,4530.285714,4227.444444,7322.125,4915.571429,6288.75,4509.142857,3969356.486
LU,Kilburn,8276.428571,9249.4,9071.375,8421.2,5861.625,8136.375,8960.1,8779.375,8265.4,5822.714286,5518439.048
LU,Kilburn Park,3671.111111,4094.7,4050.125,3877.6,2618.125,3526.111111,3898.4,3773.166667,3602.8,2522.625,2429301.315
LU,King's Cross St. Pancras,94090,110436.7,112194.3333,115395.4,87605.75,92608.77778,110625,115850.5,116084.8,89077.75,69936048.79
LU,Kingsbury,5472,5792,5811.555556,4242.6,3002.875,5476.444444,5779,5809,4183,2952.75,3372497.405
LU,Knightsbridge,18835.5,21693.57143,21072.5,23052,16604.4,17971.83333,21154,19772.5,21674.8,14453.8,13270083.49
LU,Ladbroke Grove,6874.571429,7775,8274.888889,10635.2,4986.833333,6949.714286,7785.6,8083,10959.8,4882.166667,5097953.842
LU,Lambeth North,3801.555556,4192,4425.444444,4435,3004.125,3564.888889,4034.428571,4037.222222,3931.8,2668.625,2567046.196
LU,Lancaster Gate,4672.913586,5153.444444,6146.444444,7074.6,5394.285714,4447.486414,5424.833333,6127.333333,6834.8,5087.285714,3648118.543
LU,Latimer Road,2976.222222,3461.888889,3002.285714,1996.4,1560.142857,2872.444444,3378.555556,2788.285714,1866.6,1552.571429,1841767.825
LU,Leicester Square,32812.2,42981.66667,49339.57143,71131.2,41486.14286,30970,39836,46170.71429,64970.6,39211.14286,29391294.44
LU,Leyton,12869.73217,14025.09603,13892.47204,13754.3448,8245.5,12375.87176,13355.75787,13113.0156,13007.8552,8248.625,8360272.52
LU,Leytonstone,10227.5,11452.8,11233.5,9370.8,6161.285714,10202.22222,11335.6,11076.5,9439,6308,6700643.144
LU,Liverpool Street LU,77291.01665,100579.1988,88787.45772,74678.39395,43795.125,80786.53891,102033.6012,91288.32006,76221.80605,45822.75,55837582.66
LU,London Bridge LU,72166.33333,91125.7,86236.55556,104724.4,69959.16667,70056.88889,88988.6,83632.33333,99671.4,67518.33333,56204583.03
LU,Loughton,3970.375,4685.3,4126.75,3604,2051,4005.625,4719.7,4294.25,3829.2,2113,2645225.374
LU,Maida Vale,3801.666667,4451.5,4257.555556,3682.2,2398.625,3625.222222,4191.9,3841.333333,3220.2,2340.25,2498776.007
LU,Manor House,8892.714286,10064.3,10412.875,9626.2,6699,8559.285714,9405.555556,9785.125,8987.4,6646.857143,6024621.772
LU,Mansion House,6178.375,8259.777778,5611.125,3668.6,2463.333333,6533.625,8970.222222,5711.75,3691.2,2386.857143,4138246.718
LU,Marble Arch,12833.5,16912.375,14508.42857,14792.75,10407.2,12384.66667,16919.625,13871.28571,13915,9861.2,9603609.799
LU,Marylebone LU,11587.33333,15021.33333,12813.33333,11951.2,8422.285714,12051,15906.11111,14036.55556,13002.8,8700.571429,8722516.582
LU,Mile End,18324.11111,19113.8,19932,15269.75,10582.42857,18259.44444,18615.5,19498.14286,15244.5,11042.75,11357596.41
LU,Mill Hill East,2713.209416,2713.209416,2467.930646,1821.971397,1188.439568,2209.132972,2209.132972,1997.386429,1519.572304,1280.928043,1410191.926
LU,Moor Park,1285.125,1421.888889,1350.142857,606.5,380.25,1234.75,1365.666667,1269.285714,610,394.375,729110.6908
LU,Moorgate,29810.68055,40745.01376,27091.00466,12635.49818,7690.208021,33024.06945,45913.88624,31507.99534,14941.50182,8605.041979,20013958.37
LU,Morden,11408.44444,12994,12583.25,11919.2,7951.714286,10766.11111,12493.4,12333.625,11826,7945.571429,7680068.524
LU,Mornington Crescent,3607,4881.571429,4596.571429,5790,1858.5,3115.5,4879.8,4260.285714,3094.25,1177,2672239.031
LU,Neasden,4146.625,4465.2,4318.333333,3267.8,2262,3854,4096.7,4020.111111,3180.4,2206.25,2491433.022
LU,Newbury Park,5854.666667,6329.111111,6102.666667,5051.333333,3260.428571,5258,5692.111111,5530.444444,4745.333333,3069.714286,3526527.337
LU,North Acton,8386,8823.777778,9281.571429,6756,4669.428571,8495.375,8767.555556,9120.428571,6860.8,4736.428571,5227466.67
LU,North Ealing,945.4444444,1016.9,1060.75,806.6666667,503.6,923.3333333,1000.333333,1006.625,728.3333333,474.8,588313.4977
LU,North Greenwich,23394.94726,32860.15124,31065.24793,40318.75232,23483.28604,24929.90988,36001.84876,33601.18064,42942.24768,24214.91396,21202410.71
LU,North Harrow,2135.875,2454.4,2163.888889,1625.8,975.25,2053.625,2308.333333,1978.75,1555.8,977.7142857,1306155.827
LU,North Wembley,2084.714286,2209,2155.75,1377.8,924.1666667,1968.142857,2063.222222,1984.875,1324.4,948.1666667,1204024.437
LU,Northfields,3923.888889,4621,4313.571429,3567.2,2508.625,3867.5,4429,4196.375,3628,2649.285714,2626177.505
LU,Northolt,6525.875,6885.555556,6822.888889,5549.4,3638.625,6197.25,6585.888889,6437,5029.8,3555.428571,3961099.054
LU,Northwick Park,5531.555556,5820.6,5464.25,3474,2296.428571,5494.222222,5679.6,5137.428571,3116.2,2304.857143,3168082.108
LU,Northwood,3248.375,3722,3500.142857,2427.8,1452.857143,3267.25,3711.8,3445.428571,2319,1483.428571,2044569.586
LU,Northwood Hills,2187.333333,2477.6,2330,1652.8,999.875,2110.333333,2356.4,2194.857143,1510.6,1006,1340928.524
LU,Notting Hill Gate,15188.14286,17733.33333,18204,21852.6,12778.42857,15580.14286,18124.66667,19055.77778,24510.6,13757.42857,11694553.02
LU,Oakwood,3093.37013,3541.2,3465.45023,3361.796885,2573.25,3229.5,3741.555556,3597.92477,3549.029762,2694,2231253.638
LU,Old Street,22009.28227,29354.83841,24931.68285,21507.47959,13342.28159,22146.71773,29348.66159,26612.46001,24144.52041,12967.71841,16178065.47
LU,Osterley,2514.875,3129.5,2592.625,2573,1639.857143,2540.625,2992,2546.625,2475,1670.666667,1737363.848
LU,Oval,7518.666667,9616.3,8742,7904,5167.166667,7317.777778,9115.9,8334.571429,7588.8,5150.333333,5361112.63
LU,Oxford Circus,69698.66667,84905.875,81555.85714,80279,49391,78900,97026.5,91864.42857,94932.5,55529.33333,54022845.75
LU,Paddington TfL,68700.66667,75981.2,76713.55556,71372.4,52272,66608.77778,76321.4,78751.88889,70190.4,49761.85714,46649966.17
LU,Park Royal,2516.222222,2707,2739.875,2257,1563.8,2594.888889,2825,2909.5,2357.333333,1591.25,1653036.178
LU,Parsons Green,7771.222222,9200.3,8423.5,6464,3994.5,7644.666667,8977.6,8018.75,6061.6,3950.125,5028967.552
LU,Perivale,2704.111111,3002.3,2830.888889,2271.2,1362,2664.666667,2912,2757.666667,2142.8,1352.4,1686108.502
LU,Piccadilly Circus,34813.22471,43227.16158,45542.12864,55131.51455,33468.17515,33087.34672,40512.83842,45406.24636,57890.08545,31679.34083,27682696.93
LU,Pimlico,10384.375,12463.625,11120.25,9192.4,6590.714286,10203.625,12231.125,10485.625,8769.6,6384.571429,6928010.714
LU,Pinner,3595.70482,3595.70482,3387.603115,2966.255479,1833.852352,3586.066663,3586.066663,3106.500203,2931.412267,1814.167719,2106745.499
LU,Plaistow,6748.285714,7009.4,7118.333333,5183.5,3714.666667,6362.555556,6702.3,6623.333333,4710,3708.166667,4014434.469
LU,Preston Road,3699.777778,4012.6,3815.625,2985.2,2000.333333,3686,3961.5,3749.333333,2866,2092.333333,2297341.181
LU,Putney Bridge,6492.428571,8025.4,7158.777778,7661.06838,4270.428571,7085.666667,8541.5,7500.444444,7906.13162,4436,4810117.198
LU,Queen's Park,6349.444444,7438.4,6960,5798.8,3915.25,6082.333333,7005.8,6312.777778,5422,3985.571429,4148784.075
LU,Queensbury,5066,5338.4,5237.25,3928.8,2532.285714,5033.428571,5283.9,5205.5,3826.8,2434.285714,3065100.288
LU,Queensway,8921.625,9601.25,10324.55556,10985.4,8027.75,9483.625,10471.375,11043.66667,11429.8,8079,6518486.092
LU,Ravenscourt Park,4071,4616.7,4579.714286,3100.2,2153.25,3978.857143,4567.2,4403.571429,2928.4,2135.625,2583723.025
LU,Rayners Lane,4930.133518,5299.679895,5108.904496,4034.361917,2625.171151,4787.491482,5217.120105,5001.539949,3875.238083,2676.578849,3039620.37
LU,Redbridge,3371.444444,3575.2,3544.375,2968.833333,2015.571429,3115.222222,3262.375,3242.888889,2742.4,1883.428571,2042273.358
LU,Regent's Park,3073.875,3583,3195.125,2474.25,1507.714286,3570.375,4185.625,3851.375,2927.75,1722.285714,2147299.67
LU,Richmond,5459.018425,5459.018425,6806.559779,4847.411529,4862.600469,6203.866068,6203.866068,6261.871917,4462.174749,5556.59358,3738887.04
LU,Rickmansworth,2867.857143,3315.4,3092.857143,1985.6,1129.25,2779.142857,3218.9,3026.714286,1924.2,1118,1766011.732
LU,Roding Valley,365.2736974,365.2736974,313.5704804,214.9805427,176.325,602.2150157,602.2150157,438.7158234,321.295,174.4850649,259270.9191
LU,Royal Oak,3033.444444,3527.3,3337.75,2840.8,1952.666667,2833,3284.333333,3087.125,2596.2,1896,1977094.624
LU,Ruislip,2086.333333,2367.3,2220.375,1913.6,1048.571429,2169.166667,2418,2314.125,1852,1092.571429,1367227.928
LU,Ruislip Gardens,1193,1461.3,1297.625,1092.2,595.75,1089.777778,1301.666667,1128,984.4,614.7142857,766348.2304
LU,Ruislip Manor,2103,2416.683889,2277.25,1781.4,946.6666667,2157.285714,2448.240123,2286.375,1648,971.1666667,1353734.462
LU,Russell Square,13522.375,14053.42857,14704.14286,11430.4,8879.285714,13663.375,14469,15363.85714,11445.8,7921.714286,8588433.278
LU,Seven Sisters,17621.6,36092.54149,19789.94218,16993.75,13594.83333,17193.8,37335.65851,19562.62925,16697.66667,13551.16667,16720075.92
LU,Shepherd's Bush LU,18704.22222,21494.4,21953.14286,23399.2,14904.16667,17701,20492.22222,20794.71429,21785.4,13816,13130674.93
LU,Shepherd's Bush Market,4311.111111,4793,5200.285714,4528.25,3048,4136.333333,4656.777778,4822.857143,4069.75,2984.875,2891896.769
LU,Sloane Square,18206.85714,22053,20136.25,18607,11767,18217.14286,22236.6,20125.875,19604.8,11805,12769298.98
LU,Snaresbrook,2644.510242,3017.1,2782.888889,2262.4,1374.285714,2523.378647,2856.4,2616.666667,2172.2,1463.285714,1668765.936
LU,South Ealing,3936,4272.2,4257.666667,3421.8,2212,3934,4207,4221.666667,3446.4,2364.5,2505100.005
LU,South Harrow,2704,2790.4,2846.222222,2206.333333,1434.5,2804.333333,2873.222222,2900.666667,2208,1483,1674309.946
LU,South Kensington,35528.625,37553.6,39399.57143,37787.4,28850.57143,36609.375,38730.4,40635.71429,39683.8,29701,24332469.42
LU,South Kenton,1577.754263,1577.754263,1574.214824,1296.686441,815.3577405,1841.05292,1841.05292,2086.841339,1183.674303,881.5561573,1012435.928
LU,South Ruislip,2179.897407,2509.091819,2378.638073,1946.667337,1167.059298,2087.074005,2442.363224,2291.250816,1903.732663,1172.815702,1410940.303
LU,South Wimbledon,4797,5702.9,5290.111111,4952.4,3085.714286,4674.111111,5538.6,5326.333333,5148.4,3173.142857,3302306.294
LU,South Woodford,5587.197945,6525.011248,6138.124228,5296.360021,3067.44134,5808.246499,6717.288752,6350.542439,5315.239979,3264.770446,3790939.233
LU,Southfields,6886.333333,8093.2,7360.875,6097.4,4024.666667,6602.222222,7676.7,6649.875,5502,4054.142857,4446602.671
LU,Southgate,5657.571429,6103.4,6077.333333,5330.6,3633.428571,5990.666667,6485.4,6474.555556,5576.8,3806.285714,3779589.138
LU,Southwark,12954.57143,16507.28571,13348.28571,10301.5,7150.666667,13310.42857,17009.875,14175.25,10764,6917.833333,8916716.12
LU,St. James's Park,13318.88889,16475.9,12608,8613,6010.285714,13467.77778,16764.8,12807.55556,8601,6376.714286,8542647.615
LU,St. John's Wood,8878.5,9584.1,9506.444444,7060.5,4845.166667,9119,9791.9,9733.888889,7260.75,5083.5,5629160.654
LU,St. Paul's,13611.44444,17088.375,13957,11180.2,6980.666667,14090.88889,17413.44444,13969.88889,10291.8,6432.857143,9130661.308
LU,Stamford Brook,3138.142857,3862.7,3532.888889,2855.6,1879,3087.666667,3722.3,3280.888889,2539,1853.375,2114025.043
LU,Stanmore,4330.75,4902.8,4694.714286,4116,2717.857143,4407.125,4914.1,4719.142857,4216.25,2948.571429,2898970.651
LU,Stepney Green,7874.555556,8253.1,8447.25,5515.75,3835.333333,7887.111111,8132.1,8016.875,5126.5,3834.333333,4691603.311
LU,Stockwell,10726.66667,12979.33333,12818.125,12777.6,7923.285714,9805.222222,11510,11692.625,11875.8,7460.142857,7461301.422
LU,Stonebridge Park,3714.444444,4068.222222,3825.555556,2563.6,1635.333333,3649,3881,3598.333333,2339.8,1679.714286,2204940.268
LU,Stratford,72350.70611,72042.2335,64650.05882,78193.96404,73423.42789,73631.29389,72883.03922,66310.94118,80750.36929,73351.57211,47881009.06
LU,Sudbury Hill,2521.777778,2604,2546.25,1975,1235.5,2524.333333,2605.75,2493.75,1861.666667,1255,1507932.999
LU,Sudbury Town,2374.888889,2475.7,2480.375,1851.75,1295.75,2214.222222,2256.714286,2218.5,1660,1229.4,1389322.115
LU,Swiss Cottage,7781.714286,8563.6,8225.111111,6795.2,4447.857143,7699.857143,8444.9,7992.888889,6562.6,4386,4937419.365
LU,Temple,10113.5,12212.37784,10147.57143,4566.875749,2886,11099.75,13436.12216,11664.71429,5018.624251,2951,6371668.982
LU,Theydon Bois,1012.428571,1207.222222,1087.625,1018.6,596.4,987.1428571,1153.333333,1060.777778,984.2,603.6666667,679199.0484
LU,Tooting Bec,8382.222222,10441.6,9546.285714,9419.4,5710.666667,8121.444444,9978.4,8893.142857,8975,5985.166667,5943409.927
LU,Tooting Broadway,16650.88889,19603.4,19525.55556,18006.4,10894.66667,16793.55556,19493.2,19163.66667,17618.8,11055.66667,11623862.68
LU,Tottenham Court Road,62192.25,85956,78365.625,74695.5,51536.25,60916.75,83933.3,79128.875,73792.25,49915,48952679.35
LU,Tottenham Hale LU,19004.44444,20492.11111,20365.375,19038.66667,14660.75,18789.33333,20312.33333,19853.875,17354.4,13973.125,12492328.87
LU,Totteridge & Whetstone,2691.875,3214.375,2887.555556,2600.6,1508.2,2648.125,3187.125,2914.5,2460.8,1532.333333,1809399.856
LU,Tower Hill,21270.5,23365.7,22978.71429,26282.8,18498.5,21473.88889,24637.4,24861.71429,28875.8,18945.875,15398014.05
LU,Tufnell Park,4249.888889,5059.444444,5045.222222,5185.5,3130.5,4029.222222,4704.875,4552.555556,4552.25,3041.25,2968536.998
LU,Turnham Green,6529.111111,7984,7475.5,6685.4,4527.833333,6657.333333,8117.9,7732.125,6955.6,4647.333333,4683256.109
LU,Turnpike Lane,11470.88889,13081.2,12929.66667,12037.4,8330.125,11727.25,13093.8,12832.66667,11543,8262.428571,7890066.431
LU,Upminster,5695.386394,6707.577974,5755.799847,4557.607623,3575.024932,5767.221228,6821.728936,5874.225901,4484.543997,3786.04249,3768771.46
LU,Upminster Bridge,1333.714286,1453.1,1260.75,641.6666667,311.5,1344,1410.2,1239,645.3333333,351.4,739660.1677
LU,Upney,3399.5,3634.6,3414.5,2323.333333,1641.4,3133.857143,3277.3,3116,2085.333333,1438.75,1943045.872
LU,Upton Park,12525.125,13331.5,12984.44444,10651.75,7491.166667,11938.77778,12704.8,12390.44444,9913.25,7300,7685138.904
LU,Uxbridge,9879.004766,10163.22895,10119.93134,7042.727068,4240.857143,9919.995234,9976.271053,9836.507042,6558.472932,4305.285714,5756483.937
LU,Vauxhall LU,30827.28571,36468.55556,35094.77778,30905.8,21406,29609.125,34533.25,32591.44444,28776.6,21416.625,20877533.67
LU,Victoria LU,81783.91537,99356.33457,94628.28228,68868.01451,51135.34482,85529.64019,101703.0654,94298.60661,67322.73549,52358.22661,56430221.23
LU,Walthamstow Central,19105.88094,21538.84717,21137.1531,18691.77777,12643.57259,19102.45239,21393.37506,21117.01842,18559.72223,13069.99884,12810971.78
LU,Wanstead,2706,3130.25,3003.428571,2737,1726.875,2868.777778,3262.1,3144,2759.8,1808.285714,1879177.583
LU,Warren Street,20863.125,24728,20753.875,12055.5,8049.875,21629.5,25775.3,21484.5,12134.8,7894.5,13006334.97
LU,Warwick Avenue,4250.555556,5047.8,4762,4107.6,2767.428571,4126.555556,4806,4450.111111,4064.6,2940.428571,2872125.944
LU,Waterloo LU,94212.10451,123889.4818,105035.8067,91311.98287,46804.71429,100429.5234,131351.6689,112396.6767,93771.6307,50549,68719184.51
LU,Watford,2776.125,3078.2,2920.571429,1850.6,1118.333333,2796.625,3033.7,2937.857143,1823.2,1114.833333,1678824.118
LU,Wembley Central,6705.871582,6977.616862,6919.977454,6372.108316,4056.666667,7127.414132,7574.049805,7366.647546,6513.291684,4127.333333,4369286.994
LU,Wembley Park,22546.75,23648.125,26056.625,24355.68432,16203.66667,22267.375,23307.625,25927.75,24793.31568,15775.66667,15002565.39
LU,West Acton,1740.111111,1904.333333,1853.625,1602.6,908.8333333,1716.333333,1814.375,1852.571429,1607.6,895.8333333,1098089.225
LU,West Brompton,7177.077211,7177.077211,7003.769385,6910.426223,4287.482975,7402.70511,7402.70511,6548.143419,6721.837887,4160.865189,4421398.989
LU,West Finchley,1914.990833,2259.828615,1984.877915,1565,941.4836957,1809.833333,2077.571385,1826.233196,1441.4,932.5163043,1196676.109
LU,West Ham,7848.230829,7722.047026,6810.855873,6263.340178,4090.345699,7738.435837,7553.036308,6768.255239,6387.259822,4200.225729,4514604.149
LU,West Hampstead LU,10959.55556,12637.5,12138.33333,10366,6371.285714,10388.22222,11881.1,11340.44444,9630.8,6093.571429,7098774.042
LU,West Harrow,1410.10745,1410.10745,1568.909998,1293.603057,825.7636155,1623.965577,1623.965577,1712.193272,1343.003887,1051.282154,937962.3644
LU,West Kensington,5290.222222,6386.9,5924,5570.4,4094.714286,5047.666667,5998.3,5187.857143,4708.4,3761.428571,3611425.876
LU,West Ruislip,1724.002633,1975.002486,1798.826672,1687.319732,890.23996,1743.3307,2034.532157,1809.316185,1710.001399,911.4952406,1143714.431
LU,Westbourne Park,4993.222222,5713.4,5588.333333,4548.8,2901,4729.555556,5395.1,5145.777778,4078.2,2869.142857,3208553.535
LU,Westminster,25863.44444,27986.375,26479.875,30154,19528.85714,27313.33333,29807.75,27764.25,31484.8,20115.85714,17981143.25
LU,White City,11131.55556,13751,11472.125,8945.5,5852.375,10829.11111,13454.125,11392.75,9645.5,6182.125,7391602.633
LU,Whitechapel,22750.77599,25377.47439,22632.22687,16468.32636,12405.86763,22970.89067,25697.02561,22692.05884,16738.17364,13331.88237,14269347
LU,Willesden Green,8212.555556,8989.2,9127,7637.4,5325.5,8161.444444,8858.9,8894.666667,7414.6,5359.625,5349685.235
LU,Willesden Junction,7164.366296,7951.321007,7586.594681,5464.911424,3522.519988,7061.747204,7679.485326,7262.82221,5120.387937,3681.527406,4412252.42
LU,Wimbledon,18624.89536,18624.89536,17651.2077,16863.80288,10651.69699,19552.01281,19552.01281,18419.04291,17105.85808,11308.05702,11516014.36
LU,Wimbledon Park,2516,2959.4,2754.5,2563.2,1505.625,2530.333333,2918.7,2659.25,2487.4,1556.25,1703907.908
LU,Wood Green,13387.5,14832.5,15580.11111,14567.2,9406.5,13238.5,14724.1,15316,14358.2,9206.75,9117030.592
LU,Wood Lane,5571.666667,6864.444444,6080.111111,5817.5,3807.833333,6072.625,7460.6,6756,6540.5,4136,4129893.69
LU,Woodford,6529.053204,7594.941958,7069.139721,5831.333333,3654,6334.502351,7348.458042,6786.485279,5489,3641.5,4243207.724
LU,Woodside Park,4363.396419,4363.396419,4045.729597,3401.622612,2148.364797,7472.49617,7472.49617,6864.300219,5752.439963,4185.948149,3470324.168
LU,Nine Elms,4985.333333,6123.5,5828.714286,5333.5,3991.8,4719.888889,5682.777778,5198.714286,4641.5,3695.2,3473689.381
LU,Battersea Power Station,10426.33333,12229.625,13867.33333,20786.75,11949.66667,10001,11701.375,13276.5,20462,11277.66667,8651588.957
LO,Acton Central,2557.857143,2704.2,2765,1759.8,1156.666667,2533.142857,2692.333333,2654.857143,1408.166667,1126.166667,1512621.635
LO,Anerley,1818.365504,1818.365504,1666.796792,1239.707327,1443.091932,1716.370856,1716.370856,1501.016632,1001.444246,1708.347864,1067937.347
LO,Barking,0,0,0,0,0,0,0,0,0,0,0
LO,Bethnal Green LO,2146.377267,2367.306281,2324.330802,1936.405578,1323.267275,2352.242145,2684.07256,2735.661109,2214.270735,1478.801859,1489767.881
LO,Blackhorse Road,0,0,0,0,0,0,0,0,0,0,0
LO,Brockley,5009.764077,5009.764077,5363.762189,4755.709343,3138.392576,4614.131802,4614.131802,4552.394621,3925.098738,3026.580686,2976079.455
LO,Brondesbury,3912.918108,4237.443641,4294.589494,2616.725835,2272.727273,3792.830263,4142.681137,4099.166405,2127.952785,2193.561917,2373563.231
LO,Brondesbury Park,2482.484345,2482.484345,2575.201785,921.9704425,965.1755655,2473.381726,2473.381726,2524.148286,812.6633183,1066.264631,1349727.413
LO,Bruce Grove,3537.017566,3537.017566,3060.770892,2477.001695,2125.475236,2890.197386,2890.197386,2801.66472,2160.068887,1694.850579,1883231.657
LO,Bush Hill Park,2109.42554,2109.42554,1811.138551,1520.152224,918.4780623,1771.19877,1771.19877,1501.407172,1201.898599,844.4522787,1097138.22
LO,Bushey,598.4032325,598.4032325,664.3162763,1261.512403,495.5511031,1081.837468,1081.837468,626.1180141,1050.249072,432.098817,529317.2908
LO,Caledonian Road & Barnsbury,2908.674264,2908.674264,3410.648124,2403.965883,1533.733841,2976.339118,2976.339118,3508.327801,2277.860371,1727.334891,1806697.059
LO,Cambridge Heath,2168.294754,2168.294754,2018.696582,1741.432827,1475.036083,2294.876277,2294.876277,2280.689702,1808.254384,1466.27984,1347571.964
LO,Camden Road,5675.789032,6354.513998,6074.761455,5740.798993,3622.994652,5970.69309,6756.107791,6768.769005,6163.888015,3850.005243,3914293.654
LO,Canada Water,0,0,0,0,0,0,0,0,0,0,0
LO,Canonbury,3364.111111,4046.2,4048.125,2119,2471.25,3221.555556,3774.1,3753.125,1902,2490.8,2203253.882
LO,Carpenders Park,1789.346755,1893.152983,1837.842089,1308.587606,790.4552195,1847.42465,1958.05809,1857.895565,1242.529097,832.8964384,1084933.582
LO,Cheshunt,789.2,850.5,844.5,768,676.3333333,1395.142857,1406.555556,1417.5,1072,833.5,685350.4319
LO,Chingford,2754.510209,3337.652597,2847.040183,2528.31079,1566.110936,2735.91888,3316.960251,2802.243892,2430.009437,1675.159904,1849096.719
LO,Clapham High Street,2472.618305,2472.618305,2601.836105,2210.689655,1625.073691,2627.227865,2627.227865,2962.282239,2579.079701,1910.483492,1613188.1
LO,Clapham Junction,20725.88889,22925.44444,22346.875,17782,10496.16667,18371.33333,19995.77778,19783.625,15622,9423.166667,12388179.53
LO,Clapton,3187,3893.563874,3730,2239.402418,1504.508369,2885,3433.132184,3321,1900.29569,1390.90341,1982477.692
LO,Crouch Hill,1710.067737,1710.067737,1755.62114,1357.293774,762.3635947,1756.533182,1756.533182,1805.452475,1420.897726,890.5683371,1028382.567
LO,Crystal Palace,2639.111111,3025.142857,2656.2,2827,2217.8,2669.555556,2895.714286,2546.4,2560.75,2252.2,1793978.533
LO,Dalston Junction,6597.724651,8337.527524,9106.37517,10930.27157,6239.383454,6700.3367,8359.756737,9373.75485,11574.70903,6579.112929,5513608.838
LO,Dalston Kingsland,7073.109993,8140.29569,9133.768481,8627.45098,5246.583482,7052.270106,8048.442907,9465.633847,8771.102024,5633.322848,5154919.177
LO,Denmark Hill,11626.67322,11626.67322,11261.62668,5584.44549,5181.115229,11969.4972,11969.4972,11642.85054,5602.777174,5177.109157,6531757.925
LO,Edmonton Green,5273.730113,5273.730113,5286.859459,4676.570891,3234.599517,5085.384383,5085.384383,5299.080556,4216.168565,3059.79248,3162009.743
LO,Emerson Park,574.8072617,574.8072617,501.9409166,292.5962934,105.5931818,411.97815,411.97815,357.2527813,159.879697,96.02147651,256896.9063
LO,Enfield Town,3353.405533,3680.297788,3364.789766,2557.757506,1765.75443,3145.905421,3382.719933,3137.254902,2216.629967,1621.579113,1992542.548
LO,Euston NR,3836,5005.2,5248,4861,2940,3591,4466.7,4815,3920,2916.75,2848390.404
LO,Finchley Road & Frognal,3248.459081,3248.459081,3367.175873,1212.558923,1792.735724,3496.762018,3496.762018,3572.448843,1258.771563,1854.253473,1883708.572
LO,Forest Hill,3954.991014,3954.991014,3898.007109,3582.910539,2702.783506,4097.882549,4097.882549,4081.264988,3440.677722,2804.874644,2480414.896
LO,Gospel Oak,3619.319692,3939.283754,3948.737407,2887.536284,1977.510545,3548.086783,3868.613662,3832.835115,3242.623445,2019.696469,2281783.46
LO,Gunnersbury,0,0,0,0,0,0,0,0,0,0,0
LO,Hackney Central,6383.143871,8046.701495,8176.716841,8421.960977,5170.318147,6697.300574,8234.898505,8528.283159,9269.539023,5421.01139,5029944.18
LO,Hackney Downs,6809,5375.121016,7335,5954.324854,5954.324854,6317,7322.077553,7468,5175.731463,5175.731463,4153346.44
LO,Hackney Wick,5213.39424,5213.39424,5230.520489,5210.629606,2796.067818,4736.003856,4736.003856,5428.910453,5731.387345,3102.391894,3166148.496
LO,Haggerston,3979.111111,4972.3,4663.222222,4134.2,2612.125,3961.111111,4920.8,4666,4284.4,2695.625,2854583.886
LO,Hampstead Heath,4547.444444,4890.1,4834.571429,3076.5,2833.6,4531,4833.9,4739.428571,3170.5,2909.2,2814083.437
LO,Harlesden,0,0,0,0,0,0,0,0,0,0,0
LO,Harringay Green Lanes,2494,2606.66156,2747,2566,1629,2603,2693.46156,2745,2536,1694,1642617.899
LO,Harrow & Wealdstone,0,0,0,0,0,0,0,0,0,0,0
LO,Hatch End,953.7852574,1061.363345,999.7320378,717.8357974,437.6937941,941.3628791,1057.751681,1012.314611,745.5174583,464.6564508,594215.6252
LO,Headstone Lane,1051.139162,1051.139162,1090.477691,531.1085208,443.1073688,902.7231859,902.7231859,887.9955259,464.6030258,478.8668131,550996.5619
LO,Highams Park,3915.180161,4690.353683,4086.958229,3009.332075,1774.929223,3829.160594,4538.963712,3809.538456,2716.262976,1810.579847,2476551.439
LO,Highbury & Islington,0,0,0,0,0,0,0,0,0,0,0
LO,Homerton,6128.312287,7103.491664,7044.537066,5445.108525,3600.713012,6057.01104,6747.509699,6358.262556,4965.397924,3592.32463,3986986.338
LO,Honor Oak Park,3356.051868,4055.573031,3705.101767,3238.125197,2001.467967,3382.615078,4018.978714,3422.576398,2971.374646,2099.192618,2277084.532
LO,Hoxton,4261.035965,5406.626822,5066.466278,4137.988885,3603.159624,4416.614239,5660.37538,5420.525905,4392.995701,4401.279228,3241591.841
LO,Imperial Wharf,5025.983014,5025.983014,4965.825731,2882.038377,1804.718465,4673.089022,4673.089022,4547.027367,2602.154766,1578.247877,2689975.981
LO,Kensal Green,0,0,0,0,0,0,0,0,0,0,0
LO,Kensal Rise,5127.937599,5127.937599,4200.762792,3229.196903,2817.789529,4883.852323,4883.852323,3799.707785,2660.641881,2872.502839,2805309.962
LO,Kensington (Olympia),2995.770595,3691.741566,3729.453087,2203.641617,2269.657072,3079.662562,3858.896189,3584.242551,2023.825562,2032.768899,2096930.785
LO,Kentish Town West,3522.447005,3522.447005,4092.803636,2854.002885,2330.673166,3542.624892,3542.624892,4240.864449,2770.059028,2362.562711,2207035.843
LO,Kenton,0,0,0,0,0,0,0,0,0,0,0
LO,Kew Gardens,0,0,0,0,0,0,0,0,0,0,0
LO,Kilburn High Road,1088.092991,1184.85897,1252.864782,1025.060291,696.7599874,1175.553109,1201.897871,1251.033985,1091.1188,745.1679424,728566.8854
LO,Leyton Midland Road,2240.979577,2446.576492,2400.125826,1851.945056,1053.965258,2269.872893,2414.910349,2304.108809,1740.589284,1053.965258,1387888.409
LO,Leytonstone High Road,1547.773001,1685.750236,1691.700744,1409.038482,954.1784628,1496.277655,1633.427703,1619.257329,1303.344867,908.2520709,982688.3934
LO,Liverpool Street NR,19264.5,24529,20787,9088,8329,17878.5,21993.11111,20288.5,7229,7024.5,11736136.24
LO,London Fields,2969.854757,2969.854757,2822.510016,3027.534557,2230.651342,3130.24624,3130.24624,3051.812798,3829.408086,2788.052079,1983050.48
LO,New Cross,3473.96863,3473.96863,3391.39691,3307.619715,2283.320049,3466.482637,3466.482637,3197.846521,3533.179682,2383.973634,2157537.088
LO,New Cross Gate,6357,7070.651302,7157,8420,5580,6317,6887.102367,7149,8596,6193,4593779.827
LO,North Wembley,0,0,0,0,0,0,0,0,0,0,0
LO,Norwood Junction,2618,3083.500787,2969,2705,2001,2629,3013.188139,2669,2573,1656,1792966.019
LO,Peckham Rye,4602.920458,4602.920458,4402.343922,4851.761313,3436.482697,5704.259623,5704.259623,5539.492149,5485.259768,4217.230769,3253834.353
LO,Penge West,1291.615828,1291.615828,1301.430573,1530.224212,764.6586582,1210.58866,1210.58866,1235.938311,1220.440741,712.8471684,789183.9542
LO,Queen's Park,0,0,0,0,0,0,0,0,0,0,0
LO,Queens Road Peckham,2754.68075,2754.68075,2205.933638,2762.809683,1818.586367,2733.671127,2733.671127,2094.885689,2741.132605,1835.601014,1666046.723
LO,Rectory Road,2572.231728,2572.231728,2287.846823,1906.342655,1276.935053,2282.052025,2282.052025,2248.217355,1834.57146,1408.33127,1429260.034
LO,Richmond,0,0,0,0,0,0,0,0,0,0,0
LO,Romford,0,0,0,0,0,0,0,0,0,0,0
LO,Rotherhithe,2013.211702,2496.906784,2346.125616,2187.27063,1372.898536,1852.128552,2258.688383,2135.236448,1963.300828,1286.742861,1384298.164
LO,Seven Sisters,0,0,0,0,0,0,0,0,0,0,0
LO,Shadwell LO,5025.856728,5739.617196,5887.99272,5223.254905,3808.933951,5417.941112,6158.988235,6107.436796,5375.728004,3891.001638,3595992.041
LO,Shepherd's Bush NR,9484.114501,9484.114501,9932.179931,9209.924505,5768.464926,9514.933068,9514.933068,10154.66079,9409.621736,5774.339415,5939472.122
LO,Shoreditch High Street,8233.852364,11082.52071,10827.17312,11840.41103,7677.33564,8603.217877,11964.66394,12326.84399,13554.15749,7864.894621,7060323.669
LO,Silver Street,4054.037418,4054.037418,3952.485227,2977.242239,2116.132593,3915.066364,3915.066364,4095.698675,2985.109656,2224.189638,2363044.77
LO,South Acton,1858.11231,1858.11231,1868.771665,1345.857539,1253.695157,2040.374153,2040.374153,1904.356987,1057.095478,1459.782131,1151876.547
LO,South Hampstead,1014.344735,1014.344735,1008.397517,725.8667454,576.3491905,987.6987061,987.6987061,1001.112274,802.1654862,553.7831952,596361.1967
LO,South Kenton,0,0,0,0,0,0,0,0,0,0,0
LO,South Tottenham,2170.959887,2463.562965,2195.659012,1757.575758,1094.893572,2283.970035,2602.495544,2350.37806,1968.962986,1130.753906,1418530.914
LO,Southbury,1449.908543,1493.015507,1520.044738,1125.091748,753.9058404,1528.549625,1588.316848,1592.144879,1169.655028,836.2168397,904221.3504
LO,St James Street,1966.143558,2370.13736,2153.866894,1840.201321,1150.60641,2021.833094,2456.327986,2135.775285,1788.03607,1149.907378,1349580.52
LO,Stamford Hill,1790.219695,1790.219695,1755.238229,1158.728536,893.9341442,1767.86281,1767.86281,1721.840629,1067.088121,843.9474466,1019655.642
LO,Stoke Newington,3000.960303,3000.960303,2994.741883,2372.560852,1615.289582,2714.629596,2714.629596,2723.139148,2254.757921,1554.652664,1711453.949
LO,Stonebridge Park,0,0,0,0,0,0,0,0,0,0,0
LO,Stratford,0,0,0,0,0,0,0,0,0,0,0
LO,Surrey Quays,6470.9509,7330.775804,7609.15678,7150.331492,4298.192564,5911.93214,6644.268759,6796.607903,6861.412243,3969.90612,4280981.096
LO,Sydenham,3311.672466,3311.672466,3075.525421,3062.770366,1943.684317,4036.001185,4036.001185,3784.364685,2830.349018,2219.304912,2178593.075
LO,Theobalds Grove,1037.53801,1096.64989,1055.756527,714.4105414,456.817308,960.2367388,991.460161,937.4016986,658.1384782,438.9919961,589199.3793
LO,Turkey Street,1453.636713,1521.559307,1566.792492,992.6252141,714.4804446,1350.995538,1414.70064,1412.044319,884.9743106,719.8280382,842337.672
LO,Upminster,0,0,0,0,0,0,0,0,0,0,0
LO,Upper Holloway,2827.224776,2827.224776,2716.728928,2112.479571,1394.504661,2862.153833,2862.153833,3012.719105,2158.225044,1388.167018,1672067.91
LO,Walthamstow Central,0,0,0,0,0,0,0,0,0,0,0
LO,Walthamstow Queen's Road,1954.95105,1954.95105,2002.056954,1554.577398,973.2954585,1915.879184,1915.879184,1959.2963,2713.872095,1641.750551,1238662.579
LO,Wandsworth Road,1110,1277.311886,1320,874.2439203,552.5056458,1127,1252.36078,1285,833.0149628,563.2179977,717655.6459
LO,Wanstead Park,1951.392691,2067.736185,2042.633843,1686.851211,1085.666352,1958.874921,2085.771207,2023.372239,1678.200692,1137.045192,1224378.608
LO,Wapping,2972.865914,3498.689315,3545.955518,3622.942225,2354.251861,2902.147193,3395.407361,3328.2071,3446.995911,2354.120793,2126986.382
LO,Watford High Street,1938.333333,1974.3,2087.777778,2032.8,1341.833333,1823.888889,1902.4,2038.25,2118.8,1270.142857,1236486.959
LO,Watford Junction,2538.735809,2538.735809,2386.59446,2940.324822,2516.442752,2505.815973,2505.815973,2236.209388,2659.78137,2597.571229,1670881.966
LO,Wembley Central,0,0,0,0,0,0,0,0,0,0,0
LO,West Brompton,0,0,0,0,0,0,0,0,0,0,0
LO,West Croydon NR,4663.111111,5022.25,4886.625,4026.5,2782.666667,4368.111111,4652.625,4595.75,3592.25,2408.857143,2839218.396
LO,West Hampstead LO,6766.671909,7458.713432,7050.435147,4342.03628,3541.994338,6769.817553,7520.708818,7099.06155,4192.09395,3637.150047,4156019.614
LO,White Hart Lane,2671.524938,2633.165566,2813.057041,2031.037014,1249.1699,2547.132222,2177.702632,2639.718989,1839.502289,1219.111531,1479293.573
LO,Whitechapel,0,0,0,0,0,0,0,0,0,0,0
LO,Willesden Junction,0,0,0,0,0,0,0,0,0,0,0
LO,Wood Street,3373.169938,3373.169938,2995.925824,2402.426926,1702.620531,3114.379292,3114.379292,2681.983148,2058.020048,1757.562316,1860651.141
LO,Woodgrange Park,1476.937775,1533.710811,1543.612097,1223.655237,884.9743106,1361.481015,1369.193667,1383.933252,1033.868093,800.0419419,866475.6404
LO,Barking Riverside,1048.198245,1236.762085,1072.66436,720.0027961,380.2733214,953.8788778,1110.994606,901.9008673,638.9151026,357.9043025,617116.4603
DLR,Abbey Road,1936.5,2039.954545,2040.5,1545.055556,1160.285714,1934.125,2043.909091,2025.85,1508,1172.785714,1249246.314
DLR,All Saints,2618.5,2618.791667,2599.6,2202.0625,1567.125,2621.666667,2617.791667,2528.2,2128.1875,1573.8125,1638762.391
DLR,Bank and Monument,0,0,0,0,0,0,0,0,0,0,0
DLR,Beckton,3207.5,3315.666667,3328.6,2699.375,1688.25,3343,3492.333333,3363,2703.125,1647.625,2071330.213
DLR,Beckton Park,765.6666667,775.0555556,791.4285714,550.1666667,369,808.4375,853.1,826.6875,553.3333333,412.1666667,486581.9614
DLR,Blackwall,1973.8125,2139.25,2031.722222,1570.916667,1389.5,2128.25,2316.5,2172.222222,1683,1458.8,1356747.788
DLR,Bow Church,5141.3125,5166.75,4747.5,3754.9,2837.083333,3247,3516.8,3333.5625,2736,2239.5,2642011.018
DLR,Canary Wharf DLR,15062.3125,18255.81818,15809.44444,14306.35714,9878.785714,16335.75,19898.65,17695.6,16710.14286,11004.14286,11296640.95
DLR,Canning Town,0,0,0,0,0,0,0,0,0,0,0
DLR,Crossharbour,4992.611111,5461.083333,5382.5,4622.857143,3254.785714,5048.777778,5380.041667,5169.2,4381.785714,3137.785714,3346685.736
DLR,Custom House DLR,5783.1,6340.9375,6889.375,5805.785714,3210.625,3980.7,5934.888889,5266.0625,4454.928571,2603.125,3654788.149
DLR,Cutty Sark,9232.9375,8679.875,9295.642857,10520,7170,10231,10471.70833,10256,10203.5,7208.2,6426895.315
DLR,Cyprus,4324.333333,3728.583333,3206.45,1092.25,809.875,4366.555556,3786.583333,3156.05,1062.625,820.4,2021484.999
DLR,Deptford Bridge,3969.444444,4302.944444,4430.071429,4052.875,2936.25,4074.333333,4357.611111,4474.714286,3881.5,2866.583333,2768032.795
DLR,Devons Road,3326.055556,3590.636364,3469.590909,2832.8125,2077.5,3314.944444,3535.454545,3306.35,2662.0625,2088,2171520.904
DLR,East India,6020.625,6742.375,6321.318182,4062.0625,2807.071429,6514.5,7301.458333,6757.545455,4063.8125,2731.928571,3976649.773
DLR,Elverson Road,2060.833333,2253.090909,2210.611111,1949,1347.5,1903.666667,2111.136364,1970.666667,1697.875,1310,1345384.077
DLR,Gallions Reach,2484.055556,2661.958333,2661.4,2216.4,1570,2595.611111,2854,2717.9,2191.8,1658,1692207.695
DLR,Greenwich,6835.555556,7544.875,7367.2,7316.75,5364.714286,6858.944444,7309.583333,7298.4,7575.416667,5680.285714,4829043.019
DLR,Heron Quays,7632.714286,8189.722222,7266.222222,6609.916667,5220,8188,9120.055556,8181.9,7347.166667,5473.75,5268097.264
DLR,Island Gardens,3373.277778,3592.958333,3604.75,3453.357143,2351,3070.611111,3402.75,3130.055556,2858.357143,2031.142857,2191259.377
DLR,King George V,2504.166667,2529.833333,2574.944444,2146.6875,1559.8125,2617.5,2631.25,2598.5,2096.8125,1596.5625,1620656.378
DLR,Langdon Park,5673.388889,6236.409091,6359.166667,5146.777778,3947.388889,5713,6142.227273,6302.777778,5134.833333,3709.722222,3864917.258
DLR,Lewisham DLR,10528.55556,11641,10825.95,9019.083333,6736.928571,10729.61111,11633.75,10776.4,8898.666667,6590.5,7030542.04
DLR,Limehouse DLR,9016.5,10387.79167,9592.25,7123.5625,4714.25,13087.33333,14883.68182,14100.27778,9627.2,7077.583333,7334537.858
DLR,London City Airport,5793.428571,5636.285714,5940.5,2312.583333,3059.833333,5083,5151.125,5966.875,2433.166667,3043.285714,3223651.281
DLR,Mudchute,2257.9375,2513.65,2530.444444,2301.714286,1693.333333,2215,2378.35,2282.75,2169.714286,1732.7,1556244.696
DLR,Pontoon Dock,3633.9375,4117.041667,4122.444444,6088.5,2863.928571,3748.6875,4185.416667,4049.833333,5276.6,2828.785714,2809682.34
DLR,Poplar,1829.084313,1829.084313,1745.767308,1096.282172,1431.682632,1898.811622,1898.811622,2105.363836,1185.672439,1488.359911,1170603.624
DLR,Prince Regent,2043.928571,2380.5,2584.833333,2262.5,1662,2111.357143,2416,2627.833333,2296,1496.4,1537426.817
DLR,Pudding Mill Lane,3441.571429,3798.4,3575.0625,4562.142857,4332.1875,3535.928571,3793.9,3436.0625,4205.785714,4125.125,2637285.452
DLR,Royal Albert,1852.714286,1902.0625,1949.625,2231.666667,1536.6,1975.928571,2099.5,2190,2376.333333,1383.5,1343343.288
DLR,Royal Victoria,4094.3125,4002,4433.75,5039.071429,3529.5,3496.875,3534.85,3830.611111,3940.333333,2775.428571,2625545.857
DLR,Shadwell DLR,7734.4375,8209.083333,8002.5,6279.214286,4948,7594.1875,8276.916667,8155.833333,6291.642857,4980.928571,5052962.541
DLR,South Quay,5778.5,6894.666667,6209.4375,4358.6,3136.5,5881.928571,7084.875,6084,4133.1,3105.875,3938363.635
DLR,Star Lane,2243.1875,2480.291667,2322.25,1357.083333,1058,2424.9375,2697.875,2562.3125,1445.5,1129.166667,1469167.331
DLR,Stratford,0,0,0,0,0,0,0,0,0,0,0
DLR,Stratford High Street,1878.125,1950.7,1832.555556,1273.142857,984,2006.8125,2061.458333,1984.611111,1315.357143,1022.833333,1188637.948
DLR,Stratford International DLR,5842.375,6420.75,6545.75,5897.357143,4498.857143,5254.5625,5684.791667,5791,5315,4085.714286,3885641.877
DLR,Tower Gateway,4306.285714,4988.708333,4650.9375,4080.166667,3190,4343,5105.363636,5019.0625,4476.583333,3638.416667,3125555.01
DLR,West Ham,0,0,0,0,0,0,0,0,0,0,0
DLR,West India Quay,3722.1875,4389,4558.75,4666.2,3860.125,3465.1875,4097.9,4153.214286,4209.142857,3341.25,2805611.682
DLR,West Silvertown,3400,3757.166667,3691.777778,3201.5,2228.142857,3271.375,3459.5,3401.611111,2901.0625,1876.428571,2228491.576
DLR,Westferry,6019.5,6715.708333,6602.111111,5556.0625,4352.916667,6113.375,6704.541667,6409.277778,5477.285714,4581.833333,4170218.037
DLR,Woolwich Arsenal,11017.6875,10862.70833,11560.94444,10054.64286,13388.16667,11291.9375,11218.08333,11815.77778,10479.42857,12394.5,7729811.608
EZL,Abbey Wood,14590.83333,17412.22222,15076.71429,12117.33333,7379.2,18401,22071.11111,18521.71429,14886.33333,10696.8,10030892.23
EZL,Acton Main Line,1774.98165,3077.356611,1906.085072,1642.287931,848.2751389,1794.904058,3140.225787,1766.278704,1363.11209,897.9063996,1335879.623
EZL,Bond Street,0,0,0,0,0,0,0,0,0,0,0
EZL,Brentwood,3695.198816,4496.067946,3656.735421,2432.630806,1328.090595,3516.36317,4228.583412,3472.191015,2253.329139,1321.379889,2085768.587
EZL,Burnham,2197.134929,2783,2565,1815,1033,2079.854908,2607,2211,1626,1005,1338295.006
EZL,Canary Wharf EZL,17122.78494,25525.42728,19056.30701,15293.41862,9918.737548,17623.81601,25296.3196,19115.95773,16474.43291,10776.44962,12111314.24
EZL,Chadwell Heath,6433.772558,7079.899339,6634.627707,4967.809584,3017.196183,6243.752403,6800.671071,6295.611828,4464.087239,2989.933941,3604379.089
EZL,Custom House EZL,8554.322764,12055.71557,11158.83312,11661.83662,5728.044643,8528.486296,11542.90034,10871.45494,11686.5259,5548.037982,6300188.198
EZL,Ealing Broadway,0,0,0,0,0,0,0,0,0,0,0
EZL,Farringdon,0,0,0,0,0,0,0,0,0,0,0
EZL,Forest Gate,6718.232748,8169.70163,7125.181623,5861.381986,4093.111041,6824.285864,8073.712908,6959.511077,5552.270106,4142.392786,4184913.372
EZL,Gidea Park,4040.953594,4945.296758,4071.535671,2969.277551,1738.701898,3808.591453,4618.087954,3724.882956,2633.322848,1798.049701,2330987.488
EZL,Goodmayes,5903.673412,6485.151399,5921.498724,4274.509804,2828.682275,5851.246024,6405.26371,5751.750492,4002.726224,2799.772315,3313050.797
EZL,Hanwell,2700.527013,2700.527013,2102.304167,1647.50932,1010.90726,2265.567993,2265.567993,1893.558839,1381.147144,1047.956814,1261828.553
EZL,Harold Wood,4720.096,5443.47745,4618.852889,3329.558561,1776.589424,4626.542239,5271.57387,4405.548316,3018.978714,1641.326762,2627711.288
EZL,Hayes & Harlington,8853.659286,9972,10088,8770,5735,8806.50362,9965,10895,8522,5646,5541453.441
EZL,Heathrow Terminal 4 EZL,2130.333333,3009.833333,3018.2,2834.6,2802.857143,1768.25,3435.4,2723.8,2804.8,2702.428571,1748866.858
EZL,Heathrow Terminal 5 EZL,2611.5,3054.444444,2449.333333,2619.75,2086.666667,2690,3542.888889,2765,2292.25,1823.666667,1705677.935
EZL,Heathrow Terminals 2 & 3 EZL,10005.28954,10005.28954,8618.494871,7671.881379,7771.141292,9168.094724,9168.094724,8165.693616,6636.773261,5215.929233,5264496.105
EZL,Ilford,11645.63746,12874.17427,11810.49247,10092.2722,6944.182308,12149.17339,13479.54749,12057.77498,9858.446052,7045.611828,7003351.955
EZL,Iver,476.3655539,618,597,430,281,442.8223868,562,513,357,261,300690.9493
EZL,Langley,1565,2001.464021,1841,1343,797,1622,2094.801019,1812,1281,805,1018031.92
EZL,Liverpool Street LU,0,0,0,0,0,0,0,0,0,0,0
EZL,Liverpool Street NR,0,0,0,0,0,0,0,0,0,0,0
EZL,Maidenhead,3958.997485,5805,5241,3376,2805,4512.369591,6694,5525,2375,2898,2972320.413
EZL,Manor Park,4743.455314,5626.390782,4912.89564,3934.413338,2770.263185,4760.581594,5554.472056,4867.18395,3616.965503,2793.331236,2874387.595
EZL,Maryland,3855.183597,4913.611315,4127.660967,2944.584251,2133.389006,3712.535113,4616.336374,3729.456924,2585.194506,2188.14442,2348010.284
EZL,Paddington NR,0,0,0,0,0,0,0,0,0,0,0
EZL,Paddington TfL,0,0,0,0,0,0,0,0,0,0,0
EZL,Reading,3238.666667,3879.3,3593.666667,2240.5,2528.25,4322.166667,5008.7,4605.111111,3623.75,3376.25,2362236.67
EZL,Romford,14772.91066,14772.91066,14609.71356,13107.12228,6962.512559,17121.55036,17121.55036,16667.15404,14164.21377,7753.439067,8754671.803
EZL,Seven Kings,6112.171862,6112.171862,5860.411159,4230.232641,2850.369618,5523.787052,5523.787052,5141.541165,3673.700141,2737.814294,3096531.318
EZL,Shenfield,3794.571429,4187.7,3363,2762.4,1374.8,4694.571429,5410.888889,4294.5,3502.6,1949.8,2377041.892
EZL,Slough,4799.63341,6257,5136,5064,2997,4209.682916,5386,4664,3973,2551,2978202.83
EZL,Southall,5500.553263,5500.553263,5357.109154,4372.156563,2944.699591,5312.658439,5312.658439,4996.638094,3891.318025,2674.268638,2941836.717
EZL,Stratford,0,0,0,0,0,0,0,0,0,0,0
EZL,Taplow,589.5152992,888,668,595,375,574.1750359,810,562,512,401,408466.9477
EZL,Tottenham Court Road,0,0,0,0,0,0,0,0,0,0,0
EZL,Twyford,2009.960363,3390,2451,1959.251448,1074,2096.965384,3471,2588,1719.022522,1270,1558389.286
EZL,West Drayton,3431.00124,3431.00124,3404.707026,2780.968858,1592.76502,3015.247118,3015.247118,2839.214733,2196.995911,1457.14061,1746069.111
EZL,West Ealing,3704.626553,3704.626553,2970.994183,2502.523399,1201.144409,3689.481543,3689.481543,2886.436503,2194.151054,1321.426808,1859242.437
EZL,Whitechapel,0,0,0,0,0,0,0,0,0,0,0
EZL,Woolwich EZL,13627.62574,17210.02412,16285.92732,14266.19133,9583.726539,13291.56618,16852.88875,14948.91242,12811.50606,9647.687952,9007923.698